﻿Nazwa;wartość energetyczna [kcal];białko [g];tłuszcz [g];węglowodany [g];cena
chusteczki;0;0;0;0;6.99
dezodorant dla kobiet;0;0;0;0;7.99
dezodorant dla mężczyzn;0;0;0;0;8.38
krem do ciała;0;0;0;0;15.44
krem do rąk;0;0;0;0;8.79
krem do twarzy;0;0;0;0;34.99
lakier do włosów;0;0;0;0;18.99
mleczko do czyszczenia;0;0;0;0;8.99
mydło;0;0;0;0;0.99
mydło w płynie;0;0;0;0;2.99
nici dentystyczne;0;0;0;0;10.69
odplamiacz;0;0;0;0;6.99
odżywka do włosów ciemnych;0;0;0;0;15.39
odżywka do włosów jasnych;0;0;0;0;14.99
papier toaletowy;0;0;0;0;10.49
pasta do zębów MIĘTOWA;0;0;0;0;9.79
pasta do zębów OCHRONA;0;0;0;0;13.78
peeling;0;0;0;0;10.30
płyn do mycia naczyń;0;0;0;0;3.99
płyn do mycia podłóg;0;0;0;0;13.99
płyn do mycia szyb;0;0;0;0;9.99
płyn do płukania tkanin lawenda;0;0;0;0;12.30
płyn do płukania tkanin owocowy;0;0;0;0;10.99
płyn do płukania ust;0;0;0;0;11.29
proszek do prania BIEL;0;0;0;0;34.99
proszek do prania KOLOR;0;0;0;0;39.99
ręczniki papierowe;0;0;0;0;4.69
szampon dla kobiet;0;0;0;0;9.89
szampon dla mężczyzn;0;0;0;0;8.99
szczoteczka do zębów HARD;0;0;0;0;8.99
szczoteczka do zębów MEDIUM;0;0;0;0;10.99
szczoteczka do zębów SOFT;0;0;0;0;9.99
żel do toalet;0;0;0;0;15.39
żel do włosów;0;0;0;0;10.59
żel pod prysznic dla kobiet;0;0;0;0;10.39
żel pod prysznic dla mężczyzn;0;0;0;0;10.11